Feature,Importance
Sales,0.8052759657756089
Discount,0.09039659018403548
Quantity,0.02873042778877421
Region_West,0.013348471947331644
Category_Technology,0.01134269830554044
Segment_Corporate,0.0104967882346873
Category_Office Supplies,0.009379071695160363
Region_East,0.00794925627696126
Ship Mode_Standard Class,0.006698537438732334
Region_South,0.006359141056117656
Segment_Home Office,0.004559930621674955
Ship Mode_Second Class,0.004386794633246632
Ship Mode_Same Day,0.001076326042128673
