Model,MAE,RMSE,R2 Score
Random Forest (Tuned),20.574493418177905,70.14394165579502,0.8484176775957384
