Model,MAE,RMSE,R2 Score
Linear Regression,49.98005539080172,111.55172744391952,0.6166276184049996
Random Forest,20.294206248234875,68.42039063981203,0.8557754071230668
